{"loss": [0.6122992038726807, 0.2743467390537262, 0.41792362928390503, 0.2627240717411041, 0.2612127959728241, 0.17837710678577423, 0.1540578454732895, 0.11351676285266876, 0.12483400851488113, 0.3288533091545105, 0.6070860028266907, 0.5082425475120544, 0.2883494198322296, 0.14101342856884003, 0.08401146531105042, 0.06795955449342728], "accuracy": [0.7828162312507629, 0.9075179100036621, 0.8898169994354248, 0.9210421442985535, 0.930190920829773, 0.9478918313980103, 0.9560461640357971, 0.9630071520805359, 0.9701670408248901, 0.9289976358413696, 0.8215990662574768, 0.8754972219467163, 0.9079156517982483, 0.9498806595802307, 0.9741448163986206, 0.9779236316680908], "val_loss": [0.22371593117713928, 0.35327690839767456, 0.22565528750419617, 0.12922391295433044, 0.1306714415550232, 0.09032923728227615, 0.1667264848947525, 0.0705287754535675, 0.20569314062595367, 0.681071937084198, 0.37330716848373413, 0.5307239890098572, 0.12260901927947998, 0.11702468246221542, 0.10579413920640945, 0.09874968230724335], "val_accuracy": [0.9268018007278442, 0.9256756901741028, 0.9279279112815857, 0.9662162065505981, 0.9617117047309875, 0.9605855941772461, 0.9594594836235046, 0.9808558821678162, 0.9650900959968567, 0.7961711883544922, 0.8873873949050903, 0.852477490901947, 0.9583333134651184, 0.9740990996360779, 0.9752252101898193, 0.9740990996360779], "lr": [0.008999999612569809, 0.008999999612569809, 0.008999999612569809, 0.008999999612569809, 0.008999999612569809, 0.008999999612569809, 0.008999999612569809, 0.008999999612569809, 0.008999999612569809, 0.008999999612569809, 0.008999999612569809, 0.008999999612569809, 0.0044999998062849045, 0.0044999998062849045, 0.0044999998062849045, 0.0044999998062849045]}