{"loss": [1.8754301071166992, 1.6425892114639282, 1.5270522832870483, 1.4002958536148071, 1.2453734874725342, 1.1182259321212769, 1.0004233121871948, 0.8571853041648865, 0.7522438764572144, 0.5978758931159973, 0.4851958453655243, 0.38106638193130493, 0.28324612975120544, 0.22652168571949005, 0.1851477473974228, 0.12980766594409943, 0.10892542451620102, 0.09859967976808548, 0.08451377600431442, 0.04484407603740692, 0.04954114556312561, 0.04559651017189026, 0.02705308236181736, 0.02625407837331295, 0.01951645128428936, 0.0174330435693264, 0.013199721463024616, 0.020104659721255302, 0.016367558389902115, 0.013642321340739727, 0.01837812550365925, 0.011816104874014854, 0.00895317830145359, 0.011147340759634972, 0.009525765664875507, 0.008128338493406773, 0.006965408567339182, 0.006308675743639469, 0.00581547524780035, 0.007538802456110716, 0.005600592587143183, 0.004880610387772322, 0.0053900605998933315, 0.006220843642950058, 0.005990412551909685, 0.005410168785601854, 0.0038384017534554005, 0.006448331288993359, 0.00743503961712122, 0.0039918432012200356], "accuracy": [0.20895522832870483, 0.41791045665740967, 0.5074626803398132, 0.611940324306488, 0.7089552283287048, 0.7388059496879578, 0.753731369972229, 0.8208954930305481, 0.8656716346740723, 0.888059675693512, 0.9029850959777832, 0.9402984976768494, 0.9850746393203735, 0.9776119589805603, 0.9850746393203735, 0.9925373196601868, 0.9925373196601868, 0.9850746393203735, 0.9850746393203735, 1.0, 1.0, 0.9925373196601868, 1.0, 1.0, 1.0, 1.0, 1.0, 1.0, 1.0, 1.0, 0.9925373196601868, 1.0, 1.0, 1.0, 1.0, 1.0, 1.0, 1.0, 1.0, 1.0, 1.0, 1.0, 1.0, 1.0, 1.0, 1.0, 1.0, 1.0, 1.0, 1.0], "val_loss": [1.901409387588501, 1.8622901439666748, 1.8186326026916504, 1.782616376876831, 1.7312078475952148, 1.65090811252594, 1.5890930891036987, 1.544316291809082, 1.4771761894226074, 1.4052501916885376, 1.3607813119888306, 1.3071743249893188, 1.3066531419754028, 1.3313429355621338, 1.3494014739990234, 1.4423433542251587, 1.5301823616027832, 1.4917452335357666, 1.3714828491210938, 1.2417662143707275, 1.0636990070343018, 1.0338162183761597, 1.010284662246704, 0.983334481716156, 0.9880040287971497, 1.0603044033050537, 1.1640855073928833, 1.2595263719558716, 1.2627668380737305, 1.2151782512664795, 1.2295242547988892, 1.234250545501709, 1.2408941984176636, 1.243296504020691, 1.2566349506378174, 1.2799983024597168, 1.3091273307800293, 1.3507744073867798, 1.3731528520584106, 1.3895741701126099, 1.3897427320480347, 1.3831417560577393, 1.369424819946289, 1.353682518005371, 1.3321139812469482, 1.3098081350326538, 1.2843072414398193, 1.2906498908996582, 1.2851892709732056, 1.3108118772506714], "val_accuracy": [0.23529411852359772, 0.3235294222831726, 0.23529411852359772, 0.23529411852359772, 0.23529411852359772, 0.3235294222831726, 0.3529411852359772, 0.3529411852359772, 0.4117647111415863, 0.5, 0.5, 0.5588235259056091, 0.5588235259056091, 0.5588235259056091, 0.5882353186607361, 0.5882353186607361, 0.5882353186607361, 0.5882353186607361, 0.6176470518112183, 0.6470588445663452, 0.7058823704719543, 0.7352941036224365, 0.7352941036224365, 0.7352941036224365, 0.7058823704719543, 0.7058823704719543, 0.7058823704719543, 0.7058823704719543, 0.7352941036224365, 0.8235294222831726, 0.8235294222831726, 0.8235294222831726, 0.7941176295280457, 0.7941176295280457, 0.7941176295280457, 0.7941176295280457, 0.7941176295280457, 0.7941176295280457, 0.7941176295280457, 0.7941176295280457, 0.7941176295280457, 0.7941176295280457, 0.7941176295280457, 0.7941176295280457, 0.7941176295280457, 0.7941176295280457, 0.7941176295280457, 0.7941176295280457, 0.7941176295280457, 0.7941176295280457]}