{"loss": [1.9839601516723633, 1.5738394260406494, 1.4650046825408936, 1.2012912034988403, 1.0085664987564087, 0.9983790516853333, 0.8116158843040466, 0.8365294337272644, 0.6742753982543945, 0.572668731212616, 0.49221333861351013, 0.47291624546051025, 0.46282055974006653, 0.6281062364578247, 0.34335362911224365, 0.6441712379455566, 0.43147042393684387, 0.5863503217697144, 0.3466808795928955, 0.26798176765441895, 0.3149057924747467, 0.27288010716438293, 0.2201874852180481, 0.22146832942962646, 0.2673988938331604, 0.4729612469673157, 0.29171204566955566, 0.40229493379592896, 0.21976861357688904, 0.3283293545246124, 0.20863750576972961, 0.2864716053009033, 0.33517080545425415, 0.2455042451620102, 0.209508016705513, 0.16933730244636536, 0.19824868440628052, 0.319754958152771, 0.1913493424654007, 0.1356874257326126, 0.1444316804409027, 0.1600721925497055, 0.14130505919456482, 0.23543348908424377, 0.11847634613513947, 0.10254522413015366, 0.14088566601276398, 0.17429178953170776, 0.18325071036815643, 0.16712318360805511], "accuracy": [0.159226194024086, 0.369047611951828, 0.4538690447807312, 0.523809552192688, 0.6086309552192688, 0.6116071343421936, 0.6770833134651184, 0.6666666865348816, 0.7455357313156128, 0.7723214030265808, 0.8020833134651184, 0.8184523582458496, 0.8154761791229248, 0.7678571343421936, 0.8809523582458496, 0.761904776096344, 0.836309552192688, 0.7782738208770752, 0.8601190447807312, 0.8928571343421936, 0.8616071343421936, 0.882440447807312, 0.9077380895614624, 0.8928571343421936, 0.8779761791229248, 0.8139880895614624, 0.8839285969734192, 0.836309552192688, 0.9166666865348816, 0.8809523582458496, 0.9151785969734192, 0.882440447807312, 0.8705357313156128, 0.9032738208770752, 0.9151785969734192, 0.9315476417541504, 0.9270833134651184, 0.8735119104385376, 0.9270833134651184, 0.9389880895614624, 0.9360119104385376, 0.9285714030265808, 0.9419642686843872, 0.9077380895614624, 0.949404776096344, 0.961309552192688, 0.9419642686843872, 0.9285714030265808, 0.9330357313156128, 0.9330357313156128], "val_loss": [1.7933287620544434, 1.3494573831558228, 1.4839330911636353, 1.0462974309921265, 0.7961356043815613, 0.7342232465744019, 1.0552629232406616, 0.8062252998352051, 0.6093239784240723, 0.5932747721672058, 0.44393980503082275, 0.4529074728488922, 0.5121256709098816, 0.4108538031578064, 0.32742926478385925, 0.6882917284965515, 0.4668210446834564, 0.4788113236427307, 0.3165176808834076, 0.30205950140953064, 0.2966156601905823, 0.2922598421573639, 0.23098239302635193, 0.2294318825006485, 0.2618772089481354, 0.37323886156082153, 0.5879599452018738, 0.3095549941062927, 0.23122775554656982, 0.26633742451667786, 0.23055604100227356, 0.2874368727207184, 0.20237195491790771, 0.31954073905944824, 0.22384226322174072, 0.18019568920135498, 0.2678423523902893, 0.17853553593158722, 0.18780188262462616, 0.14820732176303864, 0.15168917179107666, 0.13762418925762177, 0.27466434240341187, 0.15566140413284302, 0.11154185235500336, 0.14778651297092438, 0.11853679269552231, 0.19603243470191956, 0.12150061875581741, 0.11793683469295502], "val_accuracy": [0.25, 0.4404761791229248, 0.4404761791229248, 0.5535714030265808, 0.6666666865348816, 0.7023809552192688, 0.625, 0.6726190447807312, 0.75, 0.7976190447807312, 0.8095238208770752, 0.7678571343421936, 0.773809552192688, 0.8273809552192688, 0.875, 0.6726190447807312, 0.8095238208770752, 0.8035714030265808, 0.8809523582458496, 0.863095223903656, 0.8392857313156128, 0.8690476417541504, 0.886904776096344, 0.898809552192688, 0.8809523582458496, 0.8154761791229248, 0.8452380895614624, 0.898809552192688, 0.9166666865348816, 0.898809552192688, 0.8928571343421936, 0.8452380895614624, 0.9047619104385376, 0.8392857313156128, 0.898809552192688, 0.9166666865348816, 0.886904776096344, 0.9226190447807312, 0.9107142686843872, 0.9345238208770752, 0.9345238208770752, 0.9285714030265808, 0.9107142686843872, 0.9166666865348816, 0.9404761791229248, 0.9345238208770752, 0.9583333134651184, 0.8928571343421936, 0.9523809552192688, 0.9404761791229248]}