{"loss": [1.8113770484924316, 1.6697869300842285, 1.6200659275054932, 1.5827476978302002, 1.3441729545593262, 1.3886682987213135, 1.2299283742904663, 1.3951915502548218, 1.1998040676116943, 1.0396738052368164, 1.1520971059799194, 1.1302132606506348, 0.8178135752677917, 0.7691094279289246, 0.8790740966796875, 0.682292640209198, 0.6793302893638611, 0.5836121439933777, 0.5300682783126831, 0.5834973454475403, 0.6837654709815979, 0.5706408023834229, 0.44417691230773926, 0.4608323574066162, 0.5486598014831543, 0.5755574107170105, 0.3958152234554291, 0.40994375944137573, 0.467498242855072, 0.507612943649292, 0.49320748448371887, 0.4571365714073181, 0.5492461323738098, 0.6546328067779541, 0.4232063889503479, 0.5281310081481934, 0.4167858362197876, 0.32402411103248596, 0.28025445342063904, 0.3079769015312195, 0.33214133977890015, 0.39488881826400757, 0.4380165636539459, 0.5332175493240356, 0.34037861227989197, 0.3443011939525604, 0.28088822960853577, 0.2735845148563385, 0.26540666818618774, 0.3456408977508545], "accuracy": [0.2395833283662796, 0.2946428656578064, 0.3050595223903656, 0.3348214328289032, 0.4538690447807312, 0.4375, 0.4955357015132904, 0.4479166567325592, 0.494047611951828, 0.5416666865348816, 0.5372023582458496, 0.5565476417541504, 0.6502976417541504, 0.6666666865348816, 0.6428571343421936, 0.706845223903656, 0.7172619104385376, 0.7470238208770752, 0.7767857313156128, 0.7514880895614624, 0.7142857313156128, 0.7842261791229248, 0.831845223903656, 0.8095238208770752, 0.793154776096344, 0.788690447807312, 0.8407738208770752, 0.831845223903656, 0.7976190447807312, 0.8110119104385376, 0.8065476417541504, 0.8214285969734192, 0.831845223903656, 0.7529761791229248, 0.836309552192688, 0.7976190447807312, 0.836309552192688, 0.875, 0.8883928656578064, 0.8720238208770752, 0.8645833134651184, 0.8497023582458496, 0.8333333134651184, 0.8035714030265808, 0.863095223903656, 0.8809523582458496, 0.8854166865348816, 0.8854166865348816, 0.8854166865348816, 0.8764880895614624], "val_loss": [1.5799962282180786, 1.602162480354309, 1.4028189182281494, 1.3392442464828491, 1.227439045906067, 1.1283410787582397, 0.9238714575767517, 1.224316954612732, 1.0295652151107788, 0.9086558818817139, 1.4731295108795166, 0.8851096630096436, 0.6378557682037354, 0.849044144153595, 0.8939279913902283, 0.6322736740112305, 0.7955113649368286, 0.49073341488838196, 0.5114842653274536, 0.677666962146759, 0.4833495318889618, 0.4320931136608124, 0.5092698335647583, 0.37885284423828125, 1.2892277240753174, 0.3724421560764313, 0.4050319790840149, 0.48216915130615234, 0.8241656422615051, 0.6942116618156433, 0.4640443027019501, 0.34215405583381653, 1.3416340351104736, 0.48256438970565796, 0.5465414524078369, 0.5360860228538513, 0.44975677132606506, 0.3648087680339813, 0.2918205261230469, 0.3617570996284485, 0.3246236741542816, 0.5268459320068359, 1.8840998411178589, 0.3007458746433258, 0.39815765619277954, 0.39428311586380005, 0.3399006724357605, 0.3337176740169525, 0.307574987411499, 0.32396525144577026], "val_accuracy": [0.4107142984867096, 0.3928571343421936, 0.4583333432674408, 0.4523809552192688, 0.5416666865348816, 0.5059523582458496, 0.7023809552192688, 0.4583333432674408, 0.5595238208770752, 0.625, 0.488095223903656, 0.636904776096344, 0.726190447807312, 0.6964285969734192, 0.6309523582458496, 0.6845238208770752, 0.6309523582458496, 0.773809552192688, 0.8154761791229248, 0.75, 0.7976190447807312, 0.8095238208770752, 0.7797619104385376, 0.7857142686843872, 0.636904776096344, 0.8035714030265808, 0.8214285969734192, 0.7976190447807312, 0.6845238208770752, 0.7202380895614624, 0.8035714030265808, 0.851190447807312, 0.5357142686843872, 0.7797619104385376, 0.761904776096344, 0.726190447807312, 0.7976190447807312, 0.8214285969734192, 0.8571428656578064, 0.8273809552192688, 0.8333333134651184, 0.7916666865348816, 0.5476190447807312, 0.8571428656578064, 0.7976190447807312, 0.8333333134651184, 0.8571428656578064, 0.8571428656578064, 0.863095223903656, 0.8273809552192688]}